belinda,belinda@gmail.com,111
bob,bob@gmail.com,121
cindy,cindy@gmail.com,131
chris,dick@gmail.com,141
steven,steven@gmail.com,151
frank,frank@gmail.com,161
gellert,greg@gmail.com,171
henry,henry@gmail.com,181
lily,lily@gmail.com,191
jacob,jacob@gmail.com,211
rory,rory@gmail.com,212
lary,lary@gmail.com,213
mary,mary@gmail.com,214
nancy,nancy@gmail.com,215
jessie,jessie@gmail.com,216
steph,steph@gmail.com,217
calvin,calvin@gmail.com,218
mario,mario@gmail.com,219
peter,peter@gmail.com,311
raoul,raoul@gmail.com,312
brian,brian@gmail.com,313
conner,conner@gmail.com,314
mustafa,mustafa@gmail.com,315
tohsaka,tohsaka@gmail.com,316
mychul,mychul@gmail.com,317
billy,billy@gmail.com,318
tom,tom@gmail.com,319
kyle,kyle@gmail.com,222
sally,sally@gmail.com,333
sharon,sharon@gmail.com,123
